,Dimensione,Peso,Dolcezza,Croccantezza,Succosità,Maturazione,Acidità,Qualità
3500,6.7444304425,149.2579329185,14.3302922685,4.550177168,7.508332124,7.44864169875,2.8875104854,non buona
3501,5.8106331223000005,151.172550353,13.1591391385,4.309590926,8.26133195775,8.63828217075,3.7302471696,non buona
3502,6.7913847394,149.7261794275,13.7088110455,4.1524480056,8.57528554575,8.793038692,3.1163300392,non buona
3503,7.2945867853,150.2672548765,14.215922339,4.0682943286,7.89895481075,7.908853251,3.4462960534,buona
3504,6.8785604635,149.6819379195,15.034035695,3.9969379998,8.43479135325,8.27271125675,3.2234301766,buona
3505,6.3244455802,149.9161153705,14.963142288,4.3279947318000005,8.126273898,8.436872839,3.4400201254,non buona
3506,5.8459229461,149.076310015,15.7361094185,4.1284201558,8.224497035,8.0089174285,2.8093036444,non buona
3507,6.4957888405,149.412639589,15.804732591,4.1945092188,8.0895535265,8.12383137225,3.3496510336,buona
3508,6.1753900864,148.5737551715,14.30496635,4.0617268872,8.6392040675,8.57432061175,4.1839705338,non buona
3509,7.2080266105,149.282474335,15.350654078,4.46016432,8.1509648775,8.391791171,3.4115665318,buona
3510,6.7554477217,149.2080173385,15.936561535,3.9320042746,8.3503735465,7.187265231,3.7140418442,buona
3511,7.4665099585,149.741400222,14.373084752,4.3820587648,7.68834441825,7.85253673525,3.4970903408,buona
3512,6.7096193206,148.562812314,14.403138627,4.120757817,7.9693043435,7.654190779,3.026802121,buona
3513,7.4616437635,148.947814657,14.3953502335,4.0942120946,8.3932405585,7.89664606725,3.5900261272,buona
3514,7.6184096512,149.1306545615,15.1939966825,4.1989832522,7.613917958,8.8800217025,3.5335152414,buona
3515,6.4167470914,148.87901878,16.975356536,3.8911697888,8.52649267225,8.0716050055,3.3077671286,buona
3516,6.3438139303,150.099728982,15.086374873,4.5347916312,7.9967800495,8.08336700475,3.8764322948,non buona
3517,7.2623879998,149.770576636,12.824744909,4.5760791172,7.503670818,8.37437861,3.553333278,non buona
3518,6.1751017111,151.0813800325,14.5620607525,3.9834587002,8.4383903415,7.8065508885,2.479876672,buona
3519,6.9903593773,150.0481869875,14.644484236,3.8470700244,8.38261039875,7.440728032,3.833804198,non buona
3520,6.9749448622,148.3011357645,14.996359685,4.1651779366,8.53164987375,7.41973793575,3.3012210436,buona
3521,5.973386076100001,150.4429734285,15.5327659975,4.1890519502,8.60884328225,7.739209377,3.3818768572,buona
3522,6.5311808377,149.3756566075,14.9363717285,3.9599293792,9.122301842,8.13308319975,3.3986182444,non buona
3523,6.3688172746,150.9687735285,14.3038368975,4.4654690756,7.84736853375,7.97878233125,3.966069435,non buona
3524,6.6377653159,149.7744770085,14.394544067,3.7681178516,7.933322895,8.21536377,2.9244437492,non buona
3525,6.8091770848,148.126571842,17.188690788,3.8226380164,7.836034887,8.64686536475,3.4035512642,buona
3526,5.9421792502,150.573473603,14.9031356145,4.0542249126,7.929325532,8.44346420225,3.7889795154,non buona
3527,6.7403753098,149.23403072,13.4511195305,4.5024306668000005,7.58409556675,7.70519641725,2.7042950282,non buona
3528,7.7528478661,149.2688579525,12.4863471135,4.1744216068,7.93552795925,8.580545864,3.4585508286,non buona
3529,6.7828662007,148.661915446,14.3642594735,4.561851106,8.6457310615,8.774004288,3.8951337384,buona
3530,5.6905689823,150.868738618,15.1009146255,3.6542850676,8.6151234535,7.63591111875,2.3731609694,buona
3531,7.4364424201,150.100168723,14.912963295,4.3576677826,7.34023426625,7.895823482,3.9985563244,non buona
3532,6.5508166639,150.0836988515,14.789134256,4.2770072294,8.51569390725,8.05523475325,3.2543521222,buona
3533,6.4330401262,150.499179394,16.186680865,4.0090821154,7.662855246999999,7.1734540525,3.8103510628,buona
3534,7.1867771035,149.893209433,14.5498715735,4.424055293,8.39944128475,8.12287038825,3.2655119154,non buona
3535,6.8186385343,149.6769446255,15.6906316925,4.2562288918,7.4570184505,7.63153448025,3.5123860242,non buona
3536,7.2066511573,148.8145997025,13.639070993,4.3021982552,8.5412122765,8.38649656075,3.7903243428,non buona
3537,8.2279396654,150.5354340855,13.6337660065,3.8921449546,8.432852717,8.39304760775,3.6043331096,buona
3538,7.9409861365,148.5090881085,13.872597771,4.3584743886,8.0144182455,8.24532072125,3.6342259812,buona
3539,6.8685768475,148.996975191,13.30846172,4.239483404,7.92341892325,8.84975903225,3.2923267176,non buona
3540,6.1071006535,149.279949949,14.393483631,3.8186145688,8.25376721675,8.8372408925,2.9590518038,non buona
3541,6.6835778074,148.7905702885,15.7171217825,3.8399784206,7.93198327525,7.52117393325,3.554148215,buona
3542,6.9142374022,149.0783082135,14.897668924,4.2391428456,8.11252677025,8.06236610325,3.5873372548,non buona
3543,7.6316351992,149.3963440855,13.6373900605,4.2456126502,8.523409664999999,8.1093787425,3.743087166,non buona
3544,6.8313016891,148.91630828,14.566352155,4.0992615896,7.93472872825,7.78368633575,3.4459763068,buona
3545,5.9047187983,149.2975382515,14.6134621405,4.4205596438,7.94300444725,8.7973062305,3.9239076206,non buona
3546,6.638002441,150.7038974775,15.6902143475,4.6801400838,7.540583177,7.12391292025,3.965854911,buona
3547,6.9459142171,150.7595622225,14.5407986485,4.145630335,8.2511921045,7.42840136225,4.0013668238,non buona
3548,6.797970484,150.951186612,14.565540976,3.8071057758,7.771007541,8.500856488,3.470381049,buona
3549,5.9003281939,149.1045971995,15.9533165205,4.0042562462,8.21718824525,8.07419226325,3.789764248,non buona
3550,6.6509089381,149.8913550945,14.9899169375,4.3332294184,7.66139304025,8.044096215,3.6732373644,non buona
3551,6.5504849833,149.561271395,15.214256967,3.6861190658,8.008407592,8.6053133455,2.7931966618,buona
3552,7.1365316101,149.2282168965,13.563853932,4.0404247666,7.84158586175,8.63969714425,3.1128599276,non buona
3553,7.7811868165,151.2728389975,12.9070908845,4.5008391744,7.74056110525,8.18756138425,3.2790090532,buona
3554,7.2465675946,150.636949176,14.739909421,4.2019944488,7.86828808575,7.78130755275,4.0873974348,buona
3555,7.319493667,150.1701767415,14.421858729,3.8175199242,8.63454882175,7.7921025165,3.5347307974,buona
3556,7.2012776326,150.6280044675,12.7025217365,4.5630117118,8.212059999,8.40301654025,3.1322386526,buona
3557,6.8516793382,149.3259473245,13.3658184895,4.1430107504,7.5622982325,8.271772647,2.8809880484,non buona
3558,6.3554688745,149.065617998,16.268583036,4.2132122784,8.34935803525,8.19471745775,3.4656970384,buona
3559,4.854489082300001,149.314641561,15.8365687665,4.5405868326,7.96596349725,9.031927262,4.2108030268,non buona
3560,7.2264108538,148.0250368845,16.501493666000002,4.50272738,7.9986319995,8.58310439575,3.9907332572,buona
3561,7.1984148163,149.783599839,15.5679484255,4.2782848098,8.066270884,8.26085185575,3.7004518468,buona
3562,7.3398974971,149.5774248085,14.361173942,3.719089553,8.42836098825,8.05261026875,3.798675498,buona
3563,6.6116077636,151.415621572,13.6290714355,4.1831316894,8.2008369275,8.011601184,2.6023372964,buona
3564,6.6964645132,149.5119258195,15.3861469845,4.1787345316,7.64144206875,7.80612573825,3.2821495308,non buona
3565,7.5109944145,148.8120573825,13.9123514275,3.9894621592,8.6651368985,8.012373927,3.8162523098,buona
3566,6.1295062768,150.143726918,15.26060201,4.3750090458,8.53850174,8.3015406865,3.7998022116,non buona
3567,7.9043699413,149.6844767525,14.877850095,4.5048656704,8.302599852,7.62323802325,3.8899081112,buona
3568,6.2541312502,148.063985137,17.323728091,4.2961159586,8.55083141175,8.0822158675,3.3198074346,buona
3569,7.4760458482,149.5893061455,14.904176444,4.5938522616,7.13084056875,7.7640216,3.2105184672,non buona
3570,8.0906781574,148.579590317,14.189776746,3.9469771,8.88538553675,8.087358051,3.62339628,buona
3571,7.2044079586,149.717395026,15.2764593765,4.4340310244,7.455408331,7.93544048,2.9526274216,non buona
3572,6.0986093089,149.5765458105,13.2399597635,3.86769297,7.85361355025,9.22165890325,3.1320745208,non buona
3573,7.1647397554,148.5168648165,14.9300950775,3.950984424,8.966757846,7.436006813,3.4993781786,buona
3574,6.0720972886,149.6644658775,13.658345978,3.961482193,7.60257571475,8.64476033325,3.0417504682,non buona
3575,7.9793145559,149.786637569,14.197830996,4.2324678548,8.9340207665,7.80025793675,3.8465048838,buona
3576,6.0930380161,150.231222102,15.008550934,3.7307549624,8.27536605525,8.5642789545,3.3675786748,non buona
3577,6.9837842644,148.3192881735,15.160635935,4.1805493634,8.187806889,7.5302184035,3.4209500944,buona
3578,7.0000916899,150.1199816705,15.3661170805,4.512344642,7.60666710475,7.68335950325,3.553572311,non buona
3579,6.8524573147,149.982551691,12.7955523915,4.5992794346,8.04252370175,8.45584160975,3.446917588,non buona
3580,5.5707424642,149.5123711565,16.323769436,4.1737690148,8.608798888,8.1006850365,4.537943137,non buona
3581,6.9189417385,150.1825460885,15.411272114,4.3410976374,7.39473407425,7.930003482,4.014067542,non buona
3582,7.0930765558,150.6438734795,14.0200511575,4.4444835372,7.34091960075,7.979652841,3.7651660378,buona
3583,7.2273604771,150.7386941015,13.7777767645,3.8961617404,7.88036025575,8.570229084,2.7079468736,buona
3584,6.9562143625,149.1713191435,15.1325209125,4.5323289078,8.60142666825,7.111644997,3.6091498606,buona
3585,6.9572830255,149.408937121,15.860161556,4.462919103,7.6819457385,7.62247373425,3.570210078,non buona
3586,7.0854495397,149.7437946995,15.1137593195,4.104760446,8.21817449875,8.3040725145,3.2237264238,buona
3587,6.9982124257,148.9480174555,15.5055315845,4.136653265,8.194600893,7.48976895,3.9386343178,buona
3588,6.6676786978,149.5431689165,14.7862107025,4.006364941,7.78302114575,8.380414252,3.3490454134,non buona
3589,6.9363052513,150.57363173,14.7023597245,4.5034439038,8.0317093755,7.4227899075,4.0178025852,buona
3590,7.3667952034,149.1624100105,15.4599238015,3.618635945,8.5403492,7.8789353755,4.315432687,buona
3591,7.089301399,148.0199823715,14.906555355,4.5367536896,8.4114436145,7.3518448405,3.5496371576,buona
3592,6.8997217732,149.0354226785,14.9109315145,4.4510203524,9.32901772175,6.9735315005,3.7682499262,buona
3593,6.0299717866,148.9559570745,16.3312705895,4.1767841242,8.0868650425,8.23544071675,3.2526162576,non buona
3594,5.5235993146,149.884211556,16.539948019,3.5976487894,8.13204875425,8.325934332,3.3318026448,buona
3595,6.7521480553,148.2671157905,13.3041647755,4.0524211808,8.36828082225,9.062484845,3.7284216916,non buona
3596,5.7977924185,149.7577874825,16.3618417305,3.9439965114,8.62126878025,7.7508485295,3.0796706602,buona
3597,6.1058593477,148.7955249315,14.609096761,4.561150258,8.25309846975,9.194627494,3.6642977158,non buona
3598,6.5727860422,151.4445536335,14.196118294,4.4903725316,8.523474173,7.648552571,3.4871163272,buona
3599,7.2736468279,148.996190688,15.1070162605,4.4892182316,7.85909015525,7.57932701,3.8032213768,buona
3600,7.2656212789,149.203835568,13.3789717105,4.243216204,7.13042877925,8.6401961785,3.4254697716,non buona
3601,6.3771448654,150.054556125,16.6631621405,4.5653908718,8.00506300925,7.79053810725,3.6299608446,non buona
3602,7.172151388,147.6978453125,16.7493775315,4.5098995908,8.0293889875,8.657451988,4.2489422716,buona
3603,7.3342221676,148.864433159,14.159422808,4.1445614598,8.7670144545,7.81372999625,3.856529201,buona
3604,6.8052361048,150.0588792485,13.9575586165,4.1122609446,8.63998846375,7.7533088605,4.2393429074,non buona
3605,6.0659459131,150.2671591065,14.8204260925,4.2921001018,8.51946101225,7.970467521,3.271672873,buona
3606,6.806962714,149.9462716505,14.47948541,4.4305512084,8.1481019695,7.31593621725,3.1350191784,buona
3607,7.8150153583,148.9476822045,14.6954719335,4.605544182,7.9445925865,8.99259360725,4.1639670234,buona
3608,6.8734648795,149.1936380895,14.0949337635,4.0045463068,7.66799580425,8.112981585,3.5852892434,buona
3609,7.6837321675,149.263093595,16.8466502985,4.5073807194,7.34681583075,7.05542145275,3.7451882206,non buona
3610,7.2245558374,149.700610979,13.070024137,4.1320849066,8.3978961785,8.3927199595,3.8972824972,non buona
3611,7.1913882784,149.089556784,14.2260461385,4.0590655936,8.447989672,8.4859483965,3.5561954766,non buona
3612,7.0120764085,150.1502826925,14.705981789,4.1583422326,8.2423031355,7.75319927125,3.3111580992,non buona
3613,6.5830326916,150.4308151675,13.907091254,4.210750994,7.95691145875,8.363814016,3.324508816,buona
3614,7.2258707914,146.956553125,17.343106138,4.2139085672,7.89414167725,8.71209911925,3.233674121,buona
3615,6.0799715896,149.4755340025,16.1260720465,4.2897541404,8.1908486225,7.83911865025,4.1173132868,non buona
3616,6.9915095752,150.336632416,15.092054295,4.2545693954,8.23131328025,8.072011202,3.1014870634,buona
3617,7.2326348839,149.394074516,13.047481737,4.2447434032,8.405474542,8.88804651575,3.2697461398,non buona
3618,7.258384855,149.5017163915,14.6360156365,4.6156325972,7.823586768,7.60507314775,3.5881011684,buona
3619,6.1409160517,148.415476937,15.653036383,3.8666505102,7.62502148425,8.24821016425,2.6152967576,non buona
3620,5.529881872,149.156925995,15.948980623,4.288612757,7.93466070125,8.573592772,3.8007334968,non buona
3621,7.2159630181,148.331908772,14.4500847225,4.2964938726,7.92670455125,7.89601705925,3.6912601436,buona
3622,7.1907910795,148.788824753,16.1041684175,4.54397564,8.4368877125,8.42307890625,3.7530321566,buona
3623,5.851132948,149.7535596445,15.790685065,4.4882063284,7.845312336,7.92799511175,4.6073495796,non buona
3624,7.3816181521,150.182725376,15.6477902535,3.7576318544,8.73024828525,7.534078307,4.019436128,buona
3625,6.5075055229,150.871083961,12.5297348065,4.3214234568,7.63531435575,8.661096619,3.8188129904,non buona
3626,6.6587608501,150.091311377,14.917952351,3.9213665058,7.63922927425,8.03166918675,3.398147629,non buona
3627,6.9376650097,148.8930052875,15.5083898775,4.4620900608,7.5763435875,8.14062220775,3.5632836594,non buona
3628,6.0598336144000005,149.9512461505,14.333578477,4.1578681514,7.639432099,8.26459723325,3.2923443114,non buona
3629,7.0818364906,149.2305651465,13.6693196415,4.9633452016,7.87709169575,7.57689222325,3.39211159,buona
3630,7.487403988,149.0839128945,13.2723280395,4.3214169458,8.0690994685,8.82266351375,3.0780335752,non buona
3631,7.225185439,149.3467188425,14.1405887945,4.0609547496,8.300723489,8.32705196075,3.1320580928,non buona
3632,7.1867923228,150.237095005,13.650550886,4.6922489728,7.168448576,8.929950179,2.6877202236,non buona
3633,6.6946923364,150.403257219,15.5659310005,4.5354443286,8.29537624625,7.756917736,3.9362237084,non buona
3634,6.6077978344,149.2520785865,15.1800721425,4.2575847554,8.73561737475,8.137980934,4.1673426202,non buona
3635,6.1348615603,148.253894874,15.2482522435,4.402621618,8.3343469855,8.40630854925,4.5607382294,non buona
3636,6.5935412425,149.707117808,13.486180254,4.6680337262,7.4396739155,7.80292455475,3.5117514928,buona
3637,6.0919491922,150.4811562365,14.741893116,3.720618092,7.697745561,8.340233315,3.258125747,buona
3638,7.2170404498,148.549631014,14.1795484365,4.3100064614,8.556407307,7.77608588975,3.9551050444,buona
3639,7.3145145469,149.080114357,14.311767043,4.6367330372,8.063363451,7.5949293665,3.4950434188,buona
3640,6.7804820785,148.5826074305,14.6981138425,4.4277944510000005,7.808625175,8.7589476345,3.1481571262,non buona
3641,6.3339719272,151.34476602,14.319838456,4.0751431042,8.27761572525,7.85122191875,3.1164046838,buona
3642,6.0067763599,149.4811797605,16.1768901525,4.1600549716,8.84226856875,7.65044789025,2.6782210864,buona
3643,6.8525099827,149.698718516,14.896630934,4.1813738138,8.55879071025,7.774351646,4.0852745978,non buona
3644,8.1210597496,150.1668366415,14.9346082175,4.2357567908,8.842718938,7.67566541975,4.1321899374,buona
3645,6.4676250379,148.5005254065,17.303192929,4.0117045868,8.34203891825,8.23363136675,3.502840055,buona
3646,6.5395401775,148.592761535,14.2366870905,4.158255908,8.5679272905,8.931910678,3.7144642048,non buona
3647,6.1735396672,149.648045309,14.770369858,4.376264498,7.72134376,8.27288917225,4.0150427592,non buona
3648,6.7836809935,149.575891817,14.646669425,4.1604351958,7.90467009375,7.86371502025,3.9139019028,non buona
3649,7.5500859937,147.7926175115,15.4810974335,4.8345600978,8.288662023,8.56902384375,3.5956539056,buona
3650,5.8158986407,151.5821851535,13.9812741585,4.1530127194,8.7344844305,7.64903345775,2.5712462314,buona
3651,7.7617331209,149.109338003,14.7677549275,4.568779338,9.000686026,7.442869907,3.9721530644,buona
3652,6.0262004161,151.2572817455,15.129941708,3.7330554846,8.45623272275,7.66527001975,2.8594519954,buona
3653,6.8366782855,149.3798804175,15.6891142665,4.3291545826,8.2607166955,8.08726307875,3.1105182244,buona
3654,6.8717541313,148.913988623,14.5922132745,4.0893262726,7.69079950875,8.34497223175,3.0596790224,non buona
3655,6.7336988377,149.9575713065,14.6222844125,4.0290783656,8.26561052725,8.36329217525,3.1099358354,buona
3656,6.5418342094,150.8293804165,12.9599925045,4.172188263,7.75632358375,8.3779554675,3.5845857104,non buona
3657,6.0014649211,149.8463358465,14.024230411,4.11762325,7.53042830075,8.80329151275,3.5517279014,non buona
3658,6.6262033294,148.5068048695,15.3933983015,3.8614238048,7.15867686725,8.5009004125,3.1094452092,non buona
3659,6.8789321134,149.218437498,14.2108238795,4.8161152258,7.82561328825,7.39600505375,3.2660327664,buona
3660,6.5801039317,149.719378741,16.1890778655,4.2879500872,8.72651160225,7.6427883705,3.043072457,buona
3661,6.429351082,150.4881877695,15.3660171515,4.6960815498,8.0668925065,6.848039724,3.7469499904,buona
3662,6.5532339118,148.6756011175,12.501363934,3.983099891,8.82546073575,9.342919251,4.1159816186,non buona
3663,7.0301708251,150.4501231325,16.1627749085,3.8466320292,8.0177925485,7.437388280249999,4.0248732856,buona
3664,6.8940485053,149.213001083,13.77985015,4.3039890324,8.00064063375,7.851246054,3.413079417,buona
3665,7.4528024986,150.4351797495,14.1939429,4.4909470768,7.8941228505,7.81891511325,3.887811554,non buona
3666,6.9318976597,149.2882276805,16.28485537,4.2076748482,7.7509346005,7.28319908975,3.1135695474,non buona
3667,6.6077479495,149.610213886,12.789764418,4.1480203414,7.6483057195,8.56802062975,2.9798745578,non buona
3668,7.3203506419,148.8181354,15.7897402495,3.874451814,7.66207504625,8.857554764,3.2731036348,buona
3669,7.809142664199999,149.089645317,14.783336769,4.1356969544,8.48883827025,7.81600189075,3.921231001,buona
3670,6.8879097988,149.120872276,13.4235752975,4.4298185114,7.90304808275,8.4733288255,3.0783615746,non buona
3671,7.2840068377,148.959393338,14.9444170395,4.4273869892,7.50477719575,7.80431887325,3.3011272312,non buona
3672,7.2308083636,149.4362264115,13.4087398775,4.1038057794,7.9451947105,8.2368163235,3.3435444258,buona
3673,7.412802637,150.0925242325,14.4011706825,4.3380699292,8.118247568,7.37935539925,3.9382254278,non buona
3674,6.7410739981,149.6204332135,14.658071724,4.0062251824,7.58212046375,8.3156858615,3.3863933182,non buona
3675,7.5676235929,150.4770845955,14.2593621295,4.1281348186,8.07717868725,8.4645530395,4.080750794,non buona
3676,6.6888134764,150.183173058,12.7411735525,4.2154077706,8.09768055525,8.59713551625,3.223516071,non buona
3677,6.9024473536,149.407208366,15.8987229955,4.074144204,8.2753052465,8.11842047375,3.2447127152,buona
3678,7.1778537244,149.5160085305,14.28766739,4.5241392106,7.86663052375,8.10325565675,3.4719478184,non buona
3679,5.8929899572,149.5632374595,16.1144484885,4.0659558464,8.787912644,7.86244818225,2.932750196,buona
3680,6.8246516554,150.051424095,15.152607282,3.8863231362,8.5808972835,7.3743563245,4.0237230286,non buona
3681,6.7952629879,149.032616931,15.536705348,4.2265618422,7.1516382015,7.702745171,3.1769789124,non buona
3682,6.7559928511,150.8600717105,15.349040021,4.1262438174,7.622298581,7.83195512675,4.0150020306,non buona
3683,7.7665272538,148.704270776,13.6913013215,3.816919029,8.55186488725,7.3482604605,4.5956050114,non buona
3684,7.2755336536,150.2560263865,13.7548285,4.5280873492,8.23378082,8.23810354775,3.523212986,non buona
3685,7.1412495397,149.2633004735,14.8511955085,4.2194418702,7.61414505275,7.823719707249999,3.4929786088,buona
3686,6.7148374831,149.5609835135,14.3094957685,4.4529988976,7.356410943,7.622227654,3.0988750482,non buona
3687,6.2273330821,150.1950721145,16.4250866525,3.9585880632,8.518487640250001,8.159924613,3.6888844604,non buona
3688,7.7818096579,148.160344543,14.8643369425,4.5194322642,8.123964716,8.6960182635,3.335035579,buona
3689,6.4110283702,148.6800505045,17.0260273925,4.3030275858,8.54521752675,8.09817344125,3.3750298842,buona
3690,6.984007102,149.774605843,14.976773693,4.140139866,8.4101383005,7.47651171925,4.2184180944000005,non buona
3691,6.5529174742,149.7160044825,15.443763412,3.9478097896,8.4203743975,8.0090370705,2.675926921,buona
3692,6.4140681883,150.027068324,15.9889261555,3.9895494016,7.82309659375,8.20200127875,3.1383715834,buona
3693,7.6360874233,149.4681658345,15.757436886,4.090489375,8.57899991825,7.94235311425,3.4689036882,non buona
3694,6.7406183395,149.967606242,14.466759814,4.6266469258,8.28562839475,8.171372169,3.7699841514,buona
3695,6.5774032537,150.274509884,15.113368979,3.9933075468,8.5467655345,7.7760224355,2.9392443176,buona
3696,6.7499136178,149.448342668,15.07542948,4.0747804008,8.2464075115,8.328681331,3.1074671548,buona
3697,6.9224091229,149.799843769,14.912101111,4.2892966708,8.62854249525,8.10938981075,3.2523456678,buona
3698,6.4907769319,150.0174865025,15.1366150905,4.2264593038000005,8.67399508675,7.93936355325,2.8269245102,buona
3699,7.1631777958,150.175522336,15.1271344485,3.9541790502,8.48414448275,7.52574450075,3.769742408,buona
3700,6.2035905058,150.233082727,15.68032819,3.7217044868,8.399062969,8.072345056,2.9344244584,buona
3701,7.9007671468,148.993389091,12.6575049665,3.8999722914,8.69368765225,8.64672134625,2.8887198496,non buona
3702,7.6452419002,150.3107802945,13.3720629675,4.830779912600001,7.68911910525,8.0849967825,4.0107666028,buona
3703,5.9590099318,150.080593708,15.908875669,3.7881988636,8.31168946175,8.261532119750001,3.3361535216,non buona
3704,6.0424575919,148.9659672205,16.1714032275,4.217660804,8.46483126575,8.19447457625,3.7531243094,buona
3705,7.2168768601,148.5924707195,13.8834804915,4.1053194824,8.4639551895,8.3124446995,3.3732629584,non buona
3706,7.2438993343,148.4512946155,14.7625554695,4.0672503466,7.60371017275,8.1328004355,2.830188721,non buona
3707,7.3712403148,148.1732134185,14.2967214815,4.1447569094,7.1329766895,8.01538063375,2.6377436784,non buona
3708,7.5778527874,148.510203473,14.616998301,3.691427044,8.65450997275,8.16300715975,3.9623043182,buona
3709,6.2539637479,149.698556666,15.688703475,4.155148282,8.1566889305,8.1153432225,3.3886062732,non buona
3710,7.3002421561,148.9396657725,14.5346662035,4.6502463568,7.62079716175,7.67574713125,3.4798566804,buona
3711,7.310060812,150.551221263,15.3802253975,3.3864333024,8.69780251775,7.7402896815,3.7560529374,buona
3712,6.4120905475,149.163275084,16.582859381,3.9474069096,8.2074556535,8.30495031475,3.070715987,buona
3713,7.1172726742,148.8853271545,14.976410375,4.3487845096,7.72755541825,8.558468122,3.6438923104,non buona
3714,6.2871333694,150.852515243,14.485057008,4.0250250532,8.28574588525,7.90351493975,2.5287417998,buona
3715,6.7570945678,150.7220152975,14.8377738065,4.2234075696,8.023754808,8.3624668555,4.1415441408,non buona
3716,7.0642874167,149.6493306635,15.2044074145,4.1556924962,8.23184027875,7.6132278075,3.7991296048,non buona
3717,6.8932193041,147.988056001,16.105765355,4.2238455282,8.3765852005,8.625478523750001,3.6470506742,buona
3718,7.8121104175,151.194265491,13.7284166325,4.6578510252,7.3304891505,8.15734232525,3.7842119022,buona
3719,6.4738153789,148.797736696,16.515270983,4.2922803552,8.32071915425,8.08019007375,3.4196026066,buona
3720,7.0058603044,148.310004043,15.1246191825,4.8822007806,7.33987071225,7.627123503,3.1805280946,non buona
3721,5.9793619126,147.953029032,13.819104568,4.1420264562,7.70324510225,8.93705370075,2.4360286554,non buona
3722,7.0051728706,148.3437323175,13.4500339355,4.2700686924,7.24365983975,8.67782256725,2.9136407684,non buona
3723,6.6072659035,150.354728502,15.1939573375,4.3685159404,8.58532882075,8.1070991295,3.7909634504,non buona
3724,6.7310767798,150.034503249,14.7766054735,4.0097786182,8.237284712,8.365025502750001,3.030005577,buona
3725,7.8248709607,147.903334276,13.2097834285,3.5619829084,8.9797139985,8.507749244,3.4553489334,buona
3726,7.5259353379,149.3254822985,14.6743295975,3.998172037,7.69679667775,9.0206963705,3.5339461278,buona
3727,6.1523501881,149.2875300775,16.2550873545,3.544551847,8.02063800875,8.31127711075,2.9173326328,buona
3728,8.1249112372,147.9077507525,14.101966935,3.9770497664,8.90027313175,8.214334121,3.8067585386,buona
3729,5.9688466729,149.2971199615,16.257964897,4.603133246600001,8.81763566225,7.73998025425,3.5949589982,buona
3730,7.5401084239,149.3472454085,15.6883070245,3.9873699944,9.0477909,7.35905752325,4.1014108396,buona
3731,6.647888695,150.4413495355,12.4279101245,4.2866356912,7.3979598095,8.52724931025,3.4975876464,non buona
3732,6.8163659473,149.929808704,15.1105280315,4.330633999,8.51925000575,8.041748435,3.2269511942,buona
3733,7.3061725102,149.100139978,14.2738682015,4.1906934366,7.961497641,7.945512656,3.9773930574,non buona
3734,6.8326748989,148.93412652,15.1406448135,4.3484423904,7.933342168,8.3241459975,3.4975133386,non buona
3735,6.017105713,150.39624824,15.411690646,4.1785119224,8.568215578,7.72318658175,3.0962111334,buona
3736,6.883954324,150.4787533905,14.84203467,4.6761344348,7.52292294775,7.34488647925,3.504446079,buona
3737,6.8145788179,149.8258060735,13.4802528715,4.035910675,6.9681463345,8.37312627925,3.3357995524,non buona
3738,7.1940499261,149.4773841355,13.5479515785,4.893104595800001,7.2426728565,7.69162593275,3.3910347794,non buona
3739,6.7393934305,148.9689434485,16.1632732195,4.2650394082,8.10555264675,8.4216725045,3.733232208,buona
3740,7.1150498476,148.6300744755,14.1846978425,4.1956921004,8.29878385275,7.7627280995,3.277209782,buona
3741,6.7720925017,149.441553729,13.0664626815,4.0582319256,7.628447733,8.55977812275,2.9404054498,non buona
3742,7.1802950536,148.5938883775,14.989922293,3.9244654122,8.38847781775,7.7883119775,3.9081203114,buona
3743,6.3691984162,149.996302473,15.0669430645,4.2397341658,8.8025052145,8.147636022,3.9792027902,non buona
3744,5.4963863329,148.0389601235,15.2942084215,4.0251205034,8.66929906325,8.69258761875,4.637050585,non buona
3745,7.0465701565,149.405558222,14.869675755,4.015601323,7.770964809,7.91074005775,3.0365678912,non buona
3746,7.8998621542,148.704130996,13.685093681,4.6261701616,8.85785270125,7.7736402565,3.6306288224,buona
3747,7.6636170664,149.7763137605,12.940322188,4.200372582,7.682961448749999,8.4875075615,3.211144714,buona
3748,7.1876816788,149.3995354465,13.5626341865,4.0862391636,8.78936980975,8.472426886,3.4797037304,non buona
3749,6.7572337945,149.1384067695,14.6011362175,4.2540987436,7.87334729875,8.32411624475,3.500974676,non buona
3750,5.9666964736,151.063008615,13.69904481,4.3456998778,8.43549178575,7.8984818035,3.2625064126,buona
3751,6.4672587934,149.654312534,15.491852479,4.248949256,8.253395724,8.0272704835,3.8573686218,non buona
3752,7.0349055469,150.3709378235,14.4913210895,4.4792774414,7.992600903,7.49907380325,3.552696578,buona
3753,6.3869008174,149.7943017,13.6513781765,4.3478660184,7.77162370225,8.9455602165,3.7454773558,non buona
3754,6.9896525596,148.1969028085,16.300849664,4.5764966666,8.0729876675,7.92678285525,3.221163109,non buona
3755,6.005541289,150.086779481,15.45003203,3.7794544396,8.17381911,8.241482002,2.955869695,buona
3756,7.538709721,148.564197503,14.3111929035,4.1977837076,8.44840362325,7.942964653,3.7768070668,buona
3757,7.3429125241,149.788061465,14.4452717915,4.5082270232,8.210466633,8.4026159005,3.4974777144,buona
3758,7.2245447725,150.434670186,16.019624329,4.1867962622,7.93762473,7.407941875,4.0443076604,buona
3759,6.9405802912,148.5342589435,15.8735465115,4.334257784,7.775055069,8.6748284985,3.5034191516,buona
3760,8.001682323699999,151.250895506,13.3372230215,4.047702603,8.3129158755,8.255420283,3.699197081,buona
3761,7.8797429233,146.4250761625,15.0956513235,4.435920455,8.70541082075,7.69734663475,3.7909511718,buona
3762,6.4037273089,148.4579711205,16.611502684,3.9120457872,8.238641646,8.3327096035,3.0320820592,buona
3763,6.8893468492,149.861331636,13.487108846,4.1127741204,8.313430607,8.7749625635,3.4083733752,non buona
3764,6.576252193,149.731073437,14.3749279935,4.2588085062,7.313250786,7.71789895225,3.1947760286,buona
3765,7.3883271679,148.9615592095,14.695487638,4.5120204608,8.491135919,7.443696278,3.7107493932,buona
3766,7.0072160098,148.047495212,14.079556186,3.9527963736,8.79986174225,7.75800369225,3.3368690952,buona
3767,6.7210442323,149.995555887,15.105709795,4.3885643396,8.27357014,8.04000576975,3.159311888,buona
3768,6.7209347122,148.0556994075,16.9336840645,4.3237000228,8.61210233225,7.94785355275,3.1920423716,buona
3769,6.9343625761,150.004891808,14.76182051,4.3568694802,6.98317775125,7.86689817175,3.8500852982,non buona
3770,5.9332881859,149.044063638,14.042762715,4.0559955444,7.26710052925,8.86404941725,3.1187121554,non buona
3771,7.0930624879,148.868962251,14.822038163,4.3726105726,8.61540606975,7.5334941965,4.16502241,buona
3772,7.491944326,148.152231224,15.013470969,4.3107135758,8.41528895025,8.88265976425,3.6077677076,buona
3773,7.1130048808,150.3871876435,13.577595943,4.5349361048,8.5427338325,8.031151454,3.51453965,non buona
3774,7.147200232,148.993890609,14.258576204,4.2760576026,8.26643320425,8.34413347175,3.067924211,non buona
3775,6.7015777825,149.393385835,14.9151387555,4.0531876062,7.99291986425,7.55432801775,3.5440397582,buona
3776,6.7838325496,149.087222847,14.300393843,4.3052603862,8.4796778435,8.10236337525,4.2477667588,non buona
3777,6.3076052167,150.3559110635,15.538802805,4.1673232698,8.1943868445,8.12666491225,3.2346145076,non buona
3778,6.4836281266,148.5032220365,15.1640542425,3.973512093,7.783681944,8.3726764825,2.8296121558,non buona
3779,6.2416995835,149.27816563,14.44292139,4.1129462292,8.6293913825,8.23949708275,4.2224124816,non buona
3780,7.0968582787,147.316144529,16.878851322,4.2628714674,8.4629842515,8.34652987525,3.0595715918,buona
3781,7.3642019281,150.0967822505,13.406441983,4.4851836948,7.03586985925,8.2130163655,3.9248724804,non buona
3782,7.2050840926,149.6872734655,15.642043401,4.1540257246,8.63188344375,7.29647255525,4.0909053828,buona
3783,7.0785231985,148.631183061,13.314663403,4.5357295054,8.59380849875,7.76445959975,3.5603034142,buona
3784,6.9218985025,149.4471678705,13.681990177,4.572186171,7.3264675015,7.875096064,3.2014646952,non buona
3785,6.5183181955,150.1701297205,15.712665973,4.186697939,8.42856798775,7.79855230075,3.0243559342,buona
3786,5.7498468928,149.142751963,14.9797218795,4.1970976928,8.28761829925,8.33642760875,2.8311534154,non buona
3787,7.1185070602,149.816465762,15.461954716,4.7949368356,7.52190246225,7.428019461,3.9401053968,non buona
3788,6.6044640544,150.583880156,13.989057983,4.627997917,7.85273104225,7.3592416445,3.1145732508,buona
3789,7.9641436651,148.80468653,11.746076509,4.011766691,8.1657168125,8.790091347,3.3263509016,non buona
3790,6.7615678321,149.576362567,14.937675208,4.3250177738,8.4016658035,7.19973467425,3.5507932174,buona
3791,7.061362783,149.173299985,14.0721270765,4.2915336794,7.84321041375,7.92914395275,3.5788888688,buona
3792,6.7017550144,149.1661662455,14.8248949305,3.9828435116,7.9216107375,8.676370633,3.1085221716,buona
3793,7.2055835824,149.4086092655,14.911424213,4.3736883746,8.22505605125,8.2994320085,3.3596936122,buona
3794,6.2455774279,149.4245163925,14.253695758,4.0699679048,8.22351597575,8.45832434925,2.9708685744,non buona
3795,6.9709802425,149.6107769495,13.89947012,4.439175059,7.7778752215,8.0959529785,3.35893427,non buona
3796,6.3687470182000006,149.6193140515,14.736643974,4.3019384246,7.76917869775,8.28021265025,3.4391628092,non buona
3797,8.2717996909,150.1930816845,14.7526593795,3.7482505384,8.89929887625,8.0345306515,3.908040013,buona
3798,6.9027081727,150.8733123255,14.016532997,4.1706073614,8.27870532,8.13290171625,3.479398611,buona
3799,8.1599834944,148.9827254835,13.18309116,4.553493626,8.480666425999999,8.30301023975,4.09274126,buona
3800,6.3121069603,150.888261678,14.4241445595,4.2611660264,8.369442319000001,8.0287506285,3.2185870688,buona
3801,6.3972959914,149.6933579135,14.6101494015,4.1050587014,8.0314116695,7.91593281125,3.9952796656,non buona
3802,6.0944227492,149.4608890045,14.655584322,4.5553170640000005,8.02634763225,8.50580546525,4.0217249536,non buona
3803,6.3331666087,148.7310006655,14.1024580235,3.78373771,7.97590581175,8.878776379,2.6583430496,non buona
3804,6.5819674645,148.675336868,14.992166808,3.6301630728,7.537059658,8.745785883749999,2.916164147,non buona
3805,6.5193547165,149.014199472,16.0216139265,4.1513985286,8.27876279575,6.938459374,3.3483833782,buona
3806,6.5615621788,150.827556872,12.4010732945,4.63531327,7.171437357,8.22509908675,3.83437649,non buona
3807,6.4742351005,148.856997688,13.7773795205,4.3124727928,8.01092473175,8.5664260715,2.8686623904,buona
3808,7.191739141,149.43130707,16.3255042955,4.5222691596,8.14205790775,7.943640265,3.9865003618,non buona
3809,7.8715674874,148.8898922395,13.479194145,4.4048414776,8.23493165275,8.19204425575,3.6229551924,buona
3810,6.7532237059,148.7581174815,16.747412946,3.9928174904,8.22870077025,8.113950956,3.1505521706,buona
3811,6.075630007,148.881528513,13.7810916875,3.9402425106,8.26534571225,8.55447026225,2.3409724604,non buona
3812,6.9679270927,150.098108252,15.113481636,4.2038946898,7.23221686275,7.880351004,3.2366581072,non buona
3813,6.3210207976,150.581681103,13.6158563225,3.8380643992,7.9160379585,8.85501199675,3.626004705,non buona
3814,7.5134256511,150.4644436215,12.944338981,3.8383594892,9.040755854,8.11400572775,3.2286520156,non buona
3815,6.3243299893,150.097017016,15.439188264,4.1693699034,8.4053550975,7.7202408015,4.2650459872,non buona
3816,7.4034120034,149.9553277355,12.7456233955,4.1181865096,7.00411849075,8.37513034125,3.4439349314,non buona
3817,7.5807635677,149.315683259,13.782291852,4.0852507136,8.831903348,7.92478351,3.5881260596,buona
3818,6.4288071181,150.318096102,14.009446271,4.6819159408,8.17468006325,7.3100597515,3.7976539036,buona
3819,7.9215877273,148.5647304385,14.490203583,3.8157079372,9.09355182025,7.99244490725,3.743462694,buona
3820,7.1565063916,149.212671293,14.4242425185,3.7721997046,8.6896771475,7.6066222865,4.1004937770000005,non buona
3821,7.9074694636,149.064542342,13.666840782,4.4572682842,7.098918267,8.18399867825,3.4880094624,non buona
3822,5.9698354258,150.0419901765,15.4673784125,4.1972515626,8.4079217555,8.295207697,3.540682605,non buona
3823,6.8601600001,149.201104177,16.3319280375,4.1266785882,7.967081385,8.26377661,3.3416218244,buona
3824,7.6791425635,149.293942032,14.637822735,4.4388844732,7.942729825,8.699939525,3.6615153048,buona
3825,7.2182997529,149.641670892,14.1528246455,4.1260871152,8.038609142,7.68520956625,3.553843791,non buona
3826,6.1196702662,150.248917113,12.9347284875,4.2887660814,8.0945885905,8.720562243,3.387417999,non buona
3827,7.3501884397,148.3161672835,14.3938030465,4.3951147148,7.2371636475,8.358670226,3.2230584558,non buona
3828,6.335524636,150.685832099,14.5989095435,4.079290807,8.6248515285,7.7796642715,2.911411492,buona
3829,7.0820686843,149.081981788,14.942786471,4.2016636434,7.74765157375,7.8465956695,3.0090932134,non buona
3830,6.9462770497,148.933332594,15.918467949,4.7163771138,8.6620763155,8.1689607555,3.5300419756,buona
3831,7.4664448366,149.443078162,14.1578236655,4.5614410794,7.99857598325,7.8098586305,3.9258873914,buona
3832,6.5082118855,148.33296548,16.911832844,4.1809555216,7.71358195025,8.6758314625,3.9158786398,buona
3833,6.9048927805,149.4882252635,14.4601809625,4.3310062658,7.715728912,8.012835338,3.2657312888,non buona
3834,6.5902676566,149.5360331975,14.5388636515,4.0228397306,8.362261623,8.04912433325,3.6765376546,non buona
3835,7.0419899629,151.429523818,14.680590518,4.4079970128,7.2704214445,7.70588532625,3.7390546884,buona
3836,6.8060984551,149.0524432605,15.7166343075,4.5882548926,8.47090460225,8.24719877525,3.6758668748,buona
3837,6.5987690245,150.257979155,15.545497314,4.071945003,8.33941003675,7.8313164605,2.7226644166,buona
3838,7.0666700779,149.0758062,13.1117206,3.9644184324,8.8323007715,8.4288298025,4.035197722,non buona
3839,6.6213376537,149.0440154545,15.300939429,4.1944199194,8.590979383,8.0550790335,3.9622349642,non buona
3840,7.2418358248,150.107605812,14.5316493165,3.8783702302,8.67565848925,7.6733795215,3.667804215,buona
3841,7.2568750408,149.165186795,12.679993734,3.9080976782,8.496995923,8.69651207025,3.3998428724,non buona
3842,6.4681643950000005,149.373855918,14.010085465,3.868051594,8.41722775125,9.2296137735,3.2617734278,buona
3843,6.3761247961,148.8616643355,13.9475562735,4.2772287718,7.88622351175,8.90520971075,3.531412536,non buona
3844,6.1411819519,150.288840767,14.8737081965,4.1529348036,8.44445574475,7.859184622,2.7659461498,buona
3845,6.9652546255,149.580402128,14.3483580135,3.7861549024,8.20062694625,8.95722071925,3.4691710554,non buona
3846,6.8857664974,148.747112627,13.70906854,4.0589267376,8.867110907,8.569382182,4.1894398386,non buona
3847,7.0612482655,149.667443922,14.0885037415,4.6707654954,7.731490829,7.73781927375,3.34101912,non buona
3848,6.8459292634,149.244849147,14.545187394,4.7320998222,8.6774776505,8.1075470595,3.355709297,buona
3849,6.5173121074,149.8674750865,15.1723744885,4.4607771952,8.623368124,7.93564776,3.3098399386,buona
3850,7.0927516612,149.252657895,15.308189552,4.4036559362,7.805835117,7.614179092,3.222540288,non buona
3851,6.7781470735,149.622834968,13.64298531,3.855575624,7.8674633645,8.7155331,3.1311802394,non buona
3852,6.1110222292,148.707648956,17.0529550995,3.9886876768,8.66883906825,8.24960453725,3.3938673556,buona
3853,6.5960736382,150.1626747785,15.1817433435,4.1838607406,7.6429827495,7.8667661555,3.6260232474,non buona
3854,7.7754460273,149.5399789265,13.7891578965,3.9205544024,8.7337546375,7.67602845,3.9618662922,non buona
3855,6.7210846033,148.785004843,15.553783728,4.2205216916,7.888301876,8.15083644425,3.1628471952,non buona
3856,6.705087583,150.256632591,14.925450419,4.3560934586,8.50263014675,7.884586569,3.2992267422,buona
3857,6.8773873399,150.73925378,14.9539878435,3.8924909254,8.54070666925,7.52451369675,3.9398975374,buona
3858,7.128124066,148.4497152595,16.566680793,4.1007882572,7.85955551725,8.6314475405,3.3003827172,buona
3859,5.1701345704,151.4056514645,15.0645765375,3.9409089452,8.458164244,7.49527955225,2.9876871506,buona
3860,6.5877644683,149.599982406,14.902278911,3.895665798,9.0191465445,7.506678891,4.3696263724,non buona
3861,6.196341361,150.2735652905,15.312765816,4.5386868082,7.47389329125,8.04510658675,3.6914749564,non buona
3862,6.9471906874,149.80612871,13.490286247,4.1930539794,7.50803534775,8.52213446125,3.4899924882,non buona
3863,7.0036523674,147.8948879905,15.303487091,4.2748830058,8.2253350365,7.414841643,3.301528562,buona
3864,6.5669530648,149.493743279,15.200630555,4.3003670938,8.60401095775,8.07180878625,2.9949498512,buona
3865,6.8264084263,149.879878158,14.9056398595,4.106604153,7.690989064,7.65099755175,3.6202968022,buona
3866,7.5862046482,149.689454103,13.2686530525,3.9162683396,7.745644778,8.529878832,3.250353081,buona
3867,6.8284519333,148.2063623585,15.4210976795,4.1759190892,7.89223658525,8.20894964625,2.8079274824,non buona
3868,7.4046871903,149.2869872695,15.13375892,3.8073911838,7.42074660025,9.193656573,3.4754589258,buona
3869,6.2345322313,149.217297402,13.7135476775,4.127253,8.9349753995,9.019539443,3.7679233482,non buona
3870,6.3136792264,149.0863694835,14.256159664,4.0121036438,8.7999612215,8.546977796,3.7444006716,non buona
3871,6.5919312064,149.7374598005,15.0910302355,3.9846946106,8.83329700425,8.2233221075,3.2692313734,non buona
3872,6.9466452379,148.915181219,12.7776036855,4.3712395218,7.77898807525,8.68772920775,2.9139100036,non buona
3873,7.4825684083,148.714048308,14.1207712405,4.0646417078,8.40667386375,8.0809364065,4.0235560532,buona
3874,7.577766546999999,149.5078007725,14.936279415,3.3170389874,9.841100716,7.66435921675,3.9128133928,buona
3875,6.7520072347,148.9638663345,13.920820133,4.5788498524,7.88905083025,9.25018093375,2.9882979834,non buona
3876,6.1174299601,149.6613515905,14.0994004785,4.0669234142,7.44250380625,8.467292003,3.2337979024,non buona
3877,7.5065303305,148.316729747,13.2892342335,4.0282183776,8.7409817615,8.1400362675,3.4180688414,buona
3878,6.9760740922,151.3411099735,14.259557457,3.6815230326,8.043350559,7.9959205665,3.8866121242,buona
3879,7.4106267376,150.2972978915,16.5074805235,4.6623128558,8.28903003025,6.9677488325,4.5917179774,buona
3880,7.355295001,149.3926649885,14.220917109,4.3504065858,6.56412206625,7.9495720915,3.5713391484,non buona
3881,5.5982508514,148.5433567545,15.7043762345,4.093893877,8.591793879,8.3205980325,4.5263934242,non buona
3882,6.0397616689,150.8067463775,15.249379749,4.4362801668,8.648095197,7.56263174725,3.25535819,buona
3883,6.8547395479,149.9169035435,14.247744371,3.7839327528,7.926634423,8.03598041475,3.7273940928,buona
3884,6.4670727715,148.7946345035,15.139290335,4.2735347514,7.92523732975,8.42265206775,3.6712712996,non buona
3885,6.6742286146,149.5640355885,16.151350716,3.2991587238,9.5631480475,7.1344052865,4.074702276,buona
3886,7.4101681426,149.3896721595,14.578572247,4.54689508,7.35319519475,7.479376957499999,3.288494873,non buona
3887,6.524818966,149.234438808,13.853060685,4.0987556818,8.28418442575,9.0262731565,3.220613244,non buona
3888,5.9957420302,149.6709368815,15.152910557,3.9645166188,8.5105365965,7.90242916375,4.020896841,non buona
3889,6.5631077899,149.6942481315,14.470309111,4.0658960322,8.06326902425,8.763361868,3.5551730992,non buona
3890,7.0370362498,150.272314506,14.5598274565,4.0469545642,7.91917756925,7.84108729925,3.3827177518,non buona
3891,6.1806460105,149.6345813275,14.95568086,4.2150219142,8.462455019,8.23042162075,4.1492785534,non buona
3892,6.6522926881,148.905119676,14.0682307185,3.9838292552,8.258242469,8.39022036725,2.5827503824,non buona
3893,6.8024381284,150.1753725135,14.3328903475,4.3368229138,8.234996142,8.2941705915,3.6884957962,non buona
3894,6.3182189272,149.5524360015,14.729249938,4.450595982,8.03245172675,8.45630905475,3.7771114598,non buona
3895,7.4420876566,149.8022193985,13.4950355475,3.9340110668,8.52960837925,8.16604023225,3.727924871,buona
3896,6.5787022417,149.484578692,15.307268178,4.655038014800001,9.01647905675,7.83421083825,3.0855904842,buona
3897,6.028921963,149.897645295,15.5860816425,4.3907496588,7.779275099,8.15697622175,3.771669553,non buona
3898,6.2010518785,149.2528196265,14.889112438,3.9527303156,8.68623054025,8.0733787815,4.3294281238,buona
3899,5.9574437032,149.995815745,16.369685448,4.4428088014,7.54488676925,7.9154005295,3.8171534564,non buona
3900,7.0142882803,148.982113037,14.1466705125,4.3520079408,8.4173110165,8.4608149735,4.0507702534,non buona
3901,7.3823727613,148.2414229515,14.7438506745,3.9488064266,8.51883425925,7.88346236175,3.8101333652,buona
3902,6.5525778733,149.878944238,15.5175341945,4.1249885476,8.0893479445,8.13038309525,3.2634280262,buona
3903,6.6104910625,149.263432515,14.1252248485,4.0193536204,8.6154163595,8.2391508395,4.2138601884,non buona
3904,7.8331973371,148.126720989,14.986722428,4.8823314918000005,6.903739185,7.336719547499999,3.2018283546,non buona
3905,6.4491104242,149.3577774045,13.240380409,3.8857191886,8.5491225685,9.104163022,2.853013087,non buona
3906,7.0508823448,149.6352271995,14.586627203,4.1987251636,8.0690425865,8.479756365,3.6053912948,non buona
3907,6.9118680592,150.434577249,15.643595103,4.5698764032,7.90116282825,7.5563737925,4.054603062,non buona
3908,7.725288862,148.792005293,13.835263541,4.1587096414,8.53116302,8.11521944925,3.8079657114,buona
3909,6.9370897021,149.026189229,15.0063355875,4.6622984884,7.32049825575,8.530710905,3.1297993352,non buona
3910,7.46061553,149.5101905545,14.307068463,4.096598635,8.499906567,7.90125867925,4.1810872526,buona
3911,7.141135072,148.6253810155,16.1612914875,4.3452979778,8.259940406,8.3881408965,3.67544086,buona
3912,6.694145806,150.2227853015,14.224029056,4.6530182646,8.3353554515,7.3296740055,3.933804612,buona
3913,7.2226625398,148.97781803,13.32423964,4.3085783426,8.29352576325,8.0187426005,3.347449142,buona
3914,6.6278480797,148.9885037025,13.846271341,4.0094921286,8.6479525265,8.631738944,3.8622654978,non buona
3915,5.7578391946,150.227486232,15.833901621,3.931679709,8.8388354145,7.844380433,3.4382802768,buona
3916,6.8892837478,151.2501031375,14.437741045,3.9334113284,7.822316475,7.80428458225,3.5946000858,buona
3917,5.5614404224000005,147.973957274,15.48476786,4.62515285,7.93987831725,8.8676197875,4.727793046,non buona
3918,6.5390285146,148.608060697,14.587034529,3.930630336,7.07153412875,8.40623918075,2.8403796722,non buona
3919,6.669299917,148.387934097,14.610632768,4.1745045262,8.06002007425,7.63187529325,3.5917785658,buona
3920,8.0969968741,149.2496601955,13.8122846285,4.1409489372,9.03016803175,8.1937873365,4.3625682652,buona
3921,5.723905186,149.2745437245,16.2016081015,4.255051493,8.9376222315,7.81492652175,2.9468814264,buona
3922,7.2154782469,148.5263792245,15.5894701355,4.2214616868,7.94162153075,8.66051231875,3.6633362494,buona
3923,5.314986830800001,152.895356795,14.3784745085,3.8989622474,8.1096798125,7.15804771,2.6083138740000003,buona
3924,7.7991701869,149.9463015605,13.127528799,4.448959149,7.38409324625,8.47185437375,2.7003142134,non buona
3925,6.5163770146,149.2226548905,16.125133572,3.9689879526,7.64103453025,8.5971886775,3.4025405426,buona
3926,6.1052798893,150.743409767,15.7109597565,4.4594776456,7.873473126749999,7.86092591025,4.1009705516,non buona
3927,6.3962904109,149.7838905405,16.5265971805,3.4911076812,8.16606484825,8.16430422775,3.0908441156,buona
3928,6.5781196708,149.1014918585,14.5631173745,4.2326373206,7.9480503915,8.5910263285,3.5817542924,non buona
3929,6.2620845205,149.953943143,13.866122434,4.4574266066,7.999232802,8.612464323,3.7490718078,non buona
3930,5.977288528,150.290045967,16.286399729,3.7135570456,7.8871634945,8.21353039225,2.8742240264,buona
3931,6.3311813626,149.3069847025,16.0143022195,4.0378699566,8.3208783615,8.15237801475,3.3327785932,buona
3932,7.2060153502,148.475586919,13.5560606435,4.1302108738,8.917612276,8.717917029,3.551473819,non buona
3933,6.7129401025,148.4182788205,16.234945889,4.5507331476,7.67210093975,7.12487524475,3.7593495632,buona
3934,6.220546939,148.834557081,14.6445764825,3.9487619938,7.76174249825,8.88010422975,3.072102555,non buona
3935,7.041961342,150.0267164165,14.6034516775,3.7092673726,8.80084033675,7.65014651225,3.5173318574,buona
3936,6.7654167568,148.927363911,15.0733898605,4.4817202080000005,7.76546638375,7.7205803075,3.001391616,non buona
3937,6.9380675833,149.8540237885,12.6125222645,4.5731401532,7.5196851565,8.846867069750001,3.4540571878,non buona
3938,6.8102474893,150.038739512,14.6457290935,3.959062683,9.02731494675,7.642559687,4.326079546,non buona
3939,7.3920588493,149.0614343295,16.0714940605,4.09080028,8.236629978,7.40500209925,3.973486826,buona
3940,6.561740662,150.363640151,15.4718759005,4.1561155684,8.45619340225,7.509255874,3.9515268336,non buona
3941,7.0062895819,149.139373354,15.1640575785,4.2956103664,8.264037612,7.94999824375,3.733155391,non buona
3942,7.5160277125,148.8573070995,15.222500191,4.2185242936,8.05453361325,8.70096315925,3.6259783178,buona
3943,6.7402946533,147.816567518,16.299925193500002,4.324734835,8.79594031725,8.34815307975,3.296843569,buona
3944,6.0421418059,149.385567496,16.635381255,3.8340181312,8.0575500635,8.32953516575,3.3812393266,buona
3945,6.2060620624,149.3856077985,15.5245476265,4.479299496,8.1786928795,8.637908861,3.3253870634,non buona
3946,6.3863979073,149.7068983755,15.012990815,4.0734026302,7.90158526425,7.39206039575,3.5016679186,buona
3947,6.6651215668,148.592139632,12.5709726305,3.9920349876,9.126244605,9.52564675125,3.6007598124,non buona
3948,6.2271777049,149.793868056,15.211928977,4.213496666,8.03735008925,8.332927026,3.4856923594,non buona
3949,6.4283129506000005,148.350746112,14.4741799255,3.8984433656,7.945364678,8.4666179885,2.4230279324,non buona
3950,6.5263890088,148.8461173775,16.6095000255,4.4014127166,8.4530457855,8.00819189275,3.4179263436,buona
3951,7.7463613354,149.3362146915,14.3038352125,4.1736706644,8.336045985,8.010216647,3.90380053,buona
3952,6.9916603732,149.321964781,15.2988858215,4.250568091,7.6453914145,8.65808794975,3.9000250292,buona
3953,7.406541433,148.311251459,15.0703115085,4.1217661660000005,8.92038012475,7.6067475715,4.2234576068,buona
3954,6.2790297853,149.7248344935,12.7170259645,4.2014932928,7.4377661355,8.499216904,2.9987237938,non buona
3955,5.5118647987,150.349955271,16.4311158195,3.2650507596,7.992762861,8.04855414225,2.7547708762,buona
3956,6.835403935,148.642888708,15.937762896,4.4890027278,8.34912855275,8.45280030725,3.7443395564,buona
3957,8.2258995007,150.3007997035,15.4674058215,5.1561058484,7.3432315335,6.8309574435,4.4378252214,non buona
3958,6.5252558584,148.8969195675,15.7377764125,4.2285442544,8.09536147075,8.4197908335,3.3117565688,buona
3959,7.1333777092,150.145186813,14.013038686,4.0801324796,8.7479729495,8.091836933,3.350419442,non buona
3960,7.1465504908,149.971511291,13.7907445895,4.4611962562,7.64118655975,7.88928080475,3.3059529766,buona
3961,6.737044,150.497649175,14.1784226505,4.5315292058,8.4584725315,8.1628177325,3.4900548224,buona
3962,6.2359739068,150.3443924275,15.514770837,4.210453491,8.43454576825,7.876459434,3.3105994898,buona
3963,6.4459920703,149.7406996365,14.752737354,4.234769367,8.4860970365,8.379831393,3.5219158476,non buona
3964,7.925394559,149.322384209,12.390391432,4.0577241318,8.49914942975,8.177027833,3.5860548328,non buona
3965,6.1568035291,149.2245020395,16.3496675515,4.2065496018,8.447019226,7.96070616925,2.8665391288,buona
3966,6.9600992143,149.430749203,14.4881374985,4.2835167084,8.21673905475,8.07841632,3.752404801,non buona
3967,6.5356592827,148.637698182,14.512772757,4.0651117912,8.65701770875,8.36457031575,4.1643656048,non buona
3968,6.8130598837,149.9516428405,12.386864655,3.8792695382,7.97532197925,9.3237424775,3.3593572542,non buona
3969,7.9901145538,149.168697176,14.137846247,3.985065526,8.772103532,8.18022801325,4.074032382,buona
3970,6.6690347692,149.0275655605,16.0867490675,4.038554582,8.0640528095,8.3891104905,3.3631124818,buona
3971,6.2096137129,149.7771926105,14.8275523985,4.2156144034,8.841153951,7.897954993,2.8247019902,buona
3972,7.0961934463,150.035428796,14.8177139025,4.178923716,7.843865618,7.818650394,3.4771361998,non buona
3973,8.7597581605,146.9947204025,15.1230402995,4.9015430958,7.7395976545,9.32740555575,4.1570825962,buona
3974,6.2913569545,149.883287785,15.4906700125,4.1142564566,8.25194541375,8.1834021345,3.4789417896,buona
3975,6.0180583945,148.469977437,15.333392055,4.156435109,7.909039604,8.1687256335,2.6061619722,non buona
3976,6.8426756119,150.448960282,14.31115305,4.3159907788,8.24867247575,7.7939927345,3.9845494114,non buona
3977,6.7464922978,149.665989588,14.119620644,4.3735985312,7.64776261425,8.57587485,3.3454341542,non buona
3978,6.4085132215,150.9143497545,14.1064369925,4.1926571928,7.9248736015,7.44930048125,3.0854983052,buona
3979,5.6807949994,150.0334482195,14.1640462085,4.0307279776,7.6713434535,8.58408444875,3.3174045082,non buona
3980,6.2522251927,148.9670417175,15.54058997,4.253534577,7.599819405,7.292013127,3.6254233136,buona
3981,7.0521830608,149.1641823565,14.9882665615,4.1883230148,7.71587267025,8.171820675,3.182409571,non buona
3982,6.2696648698,150.1403924255,15.2131218335,4.1848415082,8.35999148025,8.1294482115,3.0331509288,buona
3983,5.9041191412,149.4412455225,16.6358960975,3.7467359276,8.59007971175,8.0018030075,3.0955627486,buona
3984,6.7502400409,150.2317363285,14.5780084165,4.2978115696,7.44855090525,7.887231327,3.6451999954,non buona
3985,6.9308349505,149.665022017,14.0519753945,4.1315090822,8.4609083895,8.1182986245,3.7922170856,non buona
3986,7.5443203099,149.269182691,13.7427307145,4.5951675426000005,7.72256753525,7.842142744,2.9412384546,buona
3987,5.7892451164,149.349322868,15.6836160015,4.1775984568,8.366110041,8.402139071,3.744063903,non buona
3988,6.4426497985,150.772848763,13.5873206695,3.894693434,7.8493736675,8.3346244785,3.420924655,non buona
3989,6.3152124796,149.8872415875,14.150737915,4.1873709382,7.653629749,8.81247354675,3.7094042614,non buona
3990,6.5809617772,149.700202217,14.0344481235,4.3631335106,8.4176830765,8.40350666925,3.302406485,non buona
3991,5.797671352,151.485081805,15.109083633,3.9015262074,8.4140937225,7.4665262225,2.6137358874,buona
3992,7.5292760479,148.9601525,14.9583085715,3.9826552936,7.5741538415,8.96002525425,3.4323478924,buona
3993,7.4560427488,149.8236886185,13.396766318,4.2683438018,8.1688920175,8.02677328025,3.3109839788,non buona
3994,7.4447524027,148.709409339,14.846556091,4.3055753628,8.26409031,8.64020725175,3.2541490828,buona
3995,7.0178159305,149.4662957815,13.1427256705,4.0946103304,8.42449657625,8.5610136805,3.5275568738,non buona
3996,6.9120645979,150.9746262745,14.897990035,3.8719608842,8.0061306565,7.728025067,3.870847057,buona
3997,6.2096454103,148.93087664,13.7797693575,4.1314445782,8.5499271475,9.19096479425,3.2330777218,non buona
3998,5.7975988768,149.1103314465,16.183198482999998,3.9599341266,8.54035878025,8.053622096,3.0540560388,buona
3999,7.083561895,149.142247486,15.0606086255,3.7691850484,8.31666935,7.8058571325,3.8199592912,buona
